{
	"description": "Seed movie information data.",
	"lastModified": "08/28/2016",
	"data": [
		{"id": "1", "name": "Interstellar", "year": 2014, "director": "Christopher Nolan", "cast": ["Matthew McConaughey", "Anne Hathaway", "Jessica Chastain", "Michael Caine", "Matt Damon"], "storyline": "A team of explorers travel through a wormhole in space in an attempt to ensure humanity's survival.", "poster": "http://ia.media-imdb.com/images/M/MV5BMjIxNTU4MzY4MF5BMl5BanBnXkFtZTgwMzM4ODI3MjE@._V1_SY1000_CR0,0,640,1000_AL_.jpg"},
		{"id": "2", "name": "Inception", "year": 2010, "director": "Christopher Nolan", "cast": ["Leonardo DiCaprio", "Joseph Gordon-Levitt", "Ellen Page", "Tom Hardy", "Cillian Murpy"], "storyline": "A thief, who steals corporate secrets through use of dream-sharing technology, is given the inverse task of planting an idea into the mind of a CEO.", "poster": "http://ia.media-imdb.com/images/M/MV5BMjAxMzY3NjcxNF5BMl5BanBnXkFtZTcwNTI5OTM0Mw@@._V1_SY1000_CR0,0,675,1000_AL_.jpg"},
		{"id": "3", "name": "The Prestige", "year": 2006, "director": "Christopher Nolan", "cast": ["Hugh Jackman", "Christian Bale", "Michael Caine", "Scarlett Johansson", "Rebecca Hall"], "storyline": "Two stage magicians engage in competitive one-upmanship in an attempt to create the ultimate stage illusion.", "poster": "http://ia.media-imdb.com/images/M/MV5BMjA4NDI0MTIxNF5BMl5BanBnXkFtZTYwNTM0MzY2._V1_.jpg"},
		{"id": "4", "name": "Catch Me If You Can", "year": 2002, "director": "Steven Spielberg", "cast": ["Leonardo DiCaprio", "Tom Hanks", "Amy Adams", "Martin Sheen", "Christopher Walken"], "storyline": "The true story of Frank Abagnale Jr. who, before his 19th birthday, successfully conned millions of dollars' worth of checks as a Pan Am pilot, doctor, and legal prosecutor.", "poster": "http://ia.media-imdb.com/images/M/MV5BMTY5MzYzNjc5NV5BMl5BanBnXkFtZTYwNTUyNTc2._V1_.jpg"},
		{"id": "5", "name": "The Terminal", "year": 2004, "director": "Steven Spielberg", "cast": ["Tom Hanks", "Catherine Zeta-Jones", "Stanley Tucci", "Diego Luna", "Zoe Saldana"], "storyline": "An eastern immigrant finds himself stranded in JFK airport, and must take up temporary residence there.", "poster": "http://ia.media-imdb.com/images/M/MV5BMTM1MTIwNTMxOF5BMl5BanBnXkFtZTcwNjIxMjQyMw@@._V1_SY1000_CR0,0,737,1000_AL_.jpg"},
		{"id": "6", "name": "Bridge of Spies", "year": 2015, "director": "Steven Spielberg", "cast": ["Tom Hanks", "Mark Rylance", "Alan Alda", "Amy Ryan", "Brian Hutchison"], "storyline": "During the Cold War, an American lawyer is recruited to defend an arrested Soviet spy in court, and then help the CIA facilitate an exchange of the spy for the Soviet captured American U2 spy plane pilot, Francis Gary Powers.", "poster": "http://ia.media-imdb.com/images/M/MV5BMjIxOTI0MjU5NV5BMl5BanBnXkFtZTgwNzM4OTk4NTE@._V1_SY1000_SX675_AL_.jpg"},
		{"id": "7", "name": "Psycho", "year": 1960, "director": "Alfred Hitchcock", "cast": ["Anthony Perkins", "Vera Miles", "John Gavin", "Janet Leigh", "Martin Balsam"], "storyline": "A Phoenix secretary embezzles $40,000 from her employer's client, goes on the run, and checks into a remote motel run by a young man under the domination of his mother.", "poster": "http://ia.media-imdb.com/images/M/MV5BMDI3OWRmOTEtOWJhYi00N2JkLTgwNGItMjdkN2U0NjFiZTYwXkEyXkFqcGdeQXVyMTQxNzMzNDI@._V1_SY1000_CR0,0,663,1000_AL_.jpg"},
		{"id": "8", "name": "Vertigo", "year": 1958, "director": "Alfred Hitchcock", "cast": ["James Stewart", "Kim Novak", "Barbara Bel Geddes", "Tom Helmore", "Henry Jones"], "storyline": "A San Francisco detective suffering from acrophobia investigates the strange activities of an old friend's wife, all the while becoming dangerously obsessed with her.", "poster": "http://ia.media-imdb.com/images/M/MV5BNzY0NzQyNzQzOF5BMl5BanBnXkFtZTcwMTgwNTk4OQ@@._V1_.jpg"},
		{"id": "9", "name": "Dial M for Murder", "year": 1954, "director": "Alfred Hitchcock", "cast": ["Ray Milland", "Grace Kelly", "Robert Cummings", "John Williams", "Anthony Dawson"], "storyline": "An ex-tennis pro carries out a plot to murder his wife. When things go wrong, he improvises a brilliant plan B.", "poster": "http://ia.media-imdb.com/images/M/MV5BMTkyNzc4ODk4N15BMl5BanBnXkFtZTcwMDE5ODEwNA@@._V1_.jpg"},
		{"id": "10", "name": "Shutter Island", "year": 2010, "director": "Alfred Hitchcock", "cast": ["Leonardo DiCaprio", "Mark Ruffalo", "Ben Kingsley", "Max von Sydow", "Michelle Williams"], "storyline": "In 1954, a U.S. marshal investigates the disappearance of a murderess who escaped from a hospital for the criminally insane.", "poster": "http://ia.media-imdb.com/images/M/MV5BMTMxMTIyNzMxMV5BMl5BanBnXkFtZTcwOTc4OTI3Mg@@._V1_.jpg"}
	]
}